area_sqft,bedrooms,bathrooms,age_years,parking,location,furnished,property_type,price
2115.0,4,2.0,40,yes,rural,yes,apartment,250300
1065.0,3,2.0,23,no,rural,no,apartment,135000
1292.0,3,3.0,30,yes,urban,yes,villa,268300
955.0,2,1.0,1,no,suburban,no,villa,259400
915.0,1,1.0,14,no,urban,no,house,214900
731.0,1,1.0,23,yes,rural,yes,apartment,119000
1732.0,3,2.0,6,yes,urban,yes,house,333000
1598.0,4,2.0,33,yes,urban,no,apartment,259900
637.0,2,1.0,16,yes,suburban,no,house,169500
1560.0,4,3.0,15,yes,suburban,no,house,262200
1789.0,3,2.0,8,no,downtown,no,apartment,307200
2395.0,4,3.0,17,yes,downtown,yes,apartment,388300
1931.0,5,3.0,11,no,downtown,yes,apartment,356400
1502.0,3,3.0,37,,downtown,yes,villa,307600
1209.0,3,2.0,6,yes,,no,house,207700
1875.0,4,3.0,29,no,suburban,yes,apartment,245400
2177.0,5,4.0,1,no,rural,yes,house,419700
1979.0,4,3.0,33,no,suburban,yes,apartment,264900
1533.0,3,3.0,34,yes,downtown,no,house,492259
1708.0,5,3.0,40,yes,suburban,yes,apartment,221800
782.0,1,1.0,19,yes,urban,yes,apartment,134100
1731.0,4,3.0,18,yes,urban,no,house,289000
2146.0,5,3.0,37,yes,urban,yes,apartment,295900
1418.0,3,1.0,2,yes,rural,yes,apartment,218900
,2,1.0,24,yes,suburban,yes,house,221400
2054.0,3,2.0,19,yes,downtown,no,villa,382300
1449.0,4,3.0,5,yes,urban,no,house,293500
2264.0,4,2.0,20,no,urban,yes,apartment,394600
1627.0,3,2.0,39,yes,suburban,no,apartment,222100
1969.0,4,3.0,40,,suburban,yes,apartment,281300
1257.0,3,2.0,29,yes,urban,yes,villa,220800
1710.0,4,3.0,12,yes,suburban,no,apartment,365100
2293.0,6,4.0,7,yes,urban,no,house,405800
787.0,2,,36,yes,suburban,no,apartment,84400
2164.0,4,3.0,29,yes,urban,yes,apartment,357200
500.0,1,1.0,36,yes,urban,no,apartment,62000
1385.0,3,2.0,4,yes,urban,yes,apartment,275000
1766.0,3,2.0,6,yes,suburban,yes,villa,343400
1157.0,2,1.0,1,yes,urban,yes,apartment,192700
1595.0,3,1.0,1,yes,urban,no,villa,339500
2082.0,3,2.0,18,no,suburban,no,house,309000
1595.0,3,2.0,15,yes,rural,no,apartment,228100
500.0,1,1.0,18,no,suburban,no,apartment,127500
1852.0,4,3.0,13,no,urban,no,house,294800
1965.0,3,2.0,31,no,urban,yes,house,260300
1509.0,3,2.0,22,,rural,yes,apartment,211200
1439.0,4,3.0,3,yes,suburban,no,apartment,269900
1473.0,2,1.0,9,yes,downtown,no,apartment,233200
636.0,1,1.0,28,yes,suburban,no,villa,108000
1254.0,2,2.0,37,no,suburban,no,house,162300
2300.0,4,3.0,14,yes,downtown,no,apartment,313200
1981.0,3,3.0,26,yes,suburban,no,apartment,284700
1798.0,3,2.0,4,yes,downtown,yes,house,330100
1232.0,3,2.0,12,no,suburban,no,house,245300
1284.0,1,1.0,16,no,urban,no,house,234400
1751.0,3,2.0,30,yes,rural,no,apartment,206700
1504.0,3,2.0,18,yes,suburban,yes,house,251300
1468.0,2,1.0,37,no,suburban,no,house,180200
1181.0,3,2.0,0,yes,suburban,yes,apartment,285300
1700.0,4,3.0,8,yes,suburban,no,house,330800
1094.0,1,1.0,17,yes,downtown,no,apartment,131200
1331.0,3,2.0,5,yes,suburban,yes,apartment,250900
1879.0,5,4.0,10,yes,suburban,no,apartment,303100
509.0,1,1.0,25,no,urban,no,apartment,111000
1660.0,3,3.0,32,no,urban,yes,house,293100
915.0,1,1.0,19,yes,suburban,yes,apartment,142800
500.0,1,1.0,22,yes,downtown,no,house,122100
838.0,1,1.0,13,yes,suburban,no,apartment,141100
872.0,1,1.0,35,yes,suburban,yes,apartment,116400
1916.0,4,3.0,36,no,suburban,yes,apartment,237700
1942.0,5,4.0,6,yes,suburban,yes,house,379200
2563.0,5,4.0,12,no,rural,no,apartment,389500
1241.0,3,2.0,7,yes,rural,yes,villa,279100
1283.0,3,2.0,13,no,rural,no,house,199400
1376.0,3,3.0,37,no,urban,yes,villa,259000
2231.0,5,3.0,24,yes,rural,no,villa,381200
1792.0,5,3.0,17,yes,urban,no,apartment,325100
1465.0,3,2.0,38,no,suburban,no,house,189500
1024.0,1,1.0,18,yes,rural,yes,house,117100
2441.0,5,3.0,29,yes,rural,yes,house,359700
635.0,1,1.0,13,yes,suburban,no,house,189400
1332.0,2,1.0,30,no,urban,no,house,136400
1368.0,2,2.0,40,yes,suburban,no,apartment,202700
1779.0,3,2.0,32,yes,suburban,yes,apartment,262100
796.0,2,2.0,39,no,suburban,no,apartment,74900
2127.0,4,3.0,10,no,rural,no,house,294300
1386.0,3,3.0,33,yes,suburban,yes,apartment,168600
963.0,1,1.0,34,yes,urban,yes,house,151200
1103.0,2,1.0,30,no,urban,no,apartment,118300
1426.0,3,2.0,28,yes,urban,yes,house,220300
1160.0,3,,16,no,suburban,yes,house,216300
1886.0,3,2.0,37,yes,downtown,no,apartment,274900
965.0,2,1.0,8,yes,urban,yes,house,198500
1662.0,4,2.0,4,no,urban,yes,house,353600
2437.0,6,4.0,16,no,downtown,no,apartment,413900
1603.0,3,2.0,25,yes,suburban,no,house,275800
1950.0,4,4.0,34,yes,,no,villa,314000
1886.0,3,3.0,22,no,suburban,yes,apartment,246000
516.0,1,1.0,7,yes,urban,no,house,130900
2065.0,3,2.0,15,yes,rural,yes,house,315700
1386.0,3,2.0,8,yes,urban,no,house,202000
1871.0,4,3.0,16,yes,suburban,yes,apartment,313100
2002.0,2,1.0,38,yes,rural,no,apartment,237000
1684.0,3,3.0,8,yes,rural,no,apartment,247500
1553.0,3,1.0,5,yes,suburban,no,apartment,242900
809.0,2,1.0,3,no,urban,yes,villa,275200
1856.0,4,3.0,32,no,suburban,no,apartment,265900
1497.0,3,3.0,26,yes,suburban,yes,apartment,242800
1688.0,4,2.0,32,no,urban,yes,house,244900
1945.0,4,3.0,30,no,downtown,no,apartment,348400
891.0,2,1.0,11,yes,suburban,no,house,142700
1946.0,3,3.0,10,yes,urban,yes,apartment,328100
2145.0,4,2.0,12,no,downtown,no,house,316000
1259.0,2,1.0,33,yes,suburban,yes,apartment,197900
572.0,2,2.0,1,yes,urban,no,house,198900
2503.0,5,3.0,14,no,suburban,no,house,382000
1785.0,4,3.0,36,yes,suburban,yes,villa,278700
1696.0,4,3.0,35,yes,urban,yes,villa,247200
1454.0,4,3.0,8,no,suburban,no,house,273500
1141.0,4,3.0,11,,rural,yes,house,230300
1122.0,3,2.0,17,yes,rural,yes,apartment,165300
1516.0,2,3.0,36,no,urban,yes,apartment,244300
1484.0,3,2.0,1,no,rural,no,apartment,235900
1273.0,2,1.0,29,yes,urban,no,apartment,191200
1000.0,3,2.0,3,yes,downtown,no,house,299700
1525.0,3,2.0,7,yes,suburban,yes,house,281300
872.0,1,1.0,24,no,rural,no,apartment,99600
631.0,1,,33,yes,suburban,no,apartment,147800
731.0,2,1.0,36,no,rural,no,house,71500
617.0,1,1.0,40,yes,urban,yes,house,70000
1735.0,4,3.0,23,yes,suburban,no,house,272600
1054.0,2,2.0,18,yes,rural,no,apartment,162800
1817.0,4,3.0,35,yes,suburban,no,apartment,248600
1622.0,4,3.0,1,yes,rural,yes,house,320300
2302.0,6,4.0,10,yes,urban,yes,apartment,421300
1797.0,5,3.0,11,yes,suburban,no,house,335000
1820.0,4,3.0,1,no,urban,yes,apartment,363900
1156.0,2,1.0,36,yes,downtown,no,villa,263600
541.0,1,1.0,6,no,suburban,no,apartment,102800
1751.0,4,3.0,19,yes,rural,yes,apartment,319100
2017.0,4,3.0,40,yes,downtown,yes,house,344100
1229.0,3,2.0,27,no,urban,no,apartment,167000
1174.0,2,1.0,37,yes,rural,no,apartment,176500
1237.0,2,2.0,18,yes,rural,no,house,235400
1082.0,2,1.0,35,yes,suburban,no,villa,170800
2023.0,4,4.0,25,no,suburban,yes,apartment,318500
1363.0,2,2.0,37,yes,suburban,no,house,182500
1817.0,4,3.0,12,yes,urban,yes,apartment,367900
1605.0,4,3.0,25,yes,urban,yes,villa,309700
997.0,1,1.0,18,yes,urban,no,house,119500
2391.0,4,2.0,6,yes,suburban,yes,apartment,363000
1337.0,3,2.0,40,yes,urban,no,house,160400
1047.0,2,2.0,16,yes,downtown,yes,house,221500
2153.0,6,4.0,26,yes,rural,yes,house,349900
1774.0,3,2.0,0,yes,suburban,no,apartment,250900
1268.0,3,2.0,24,yes,suburban,no,apartment,150800
939.0,2,1.0,19,yes,suburban,no,house,229300
704.0,1,1.0,10,no,suburban,yes,villa,208600
952.0,1,,29,yes,urban,no,apartment,89900
1654.0,3,2.0,33,yes,downtown,yes,house,272900
993.0,2,1.0,21,yes,suburban,no,apartment,159100
1951.0,3,2.0,9,no,suburban,no,house,331300
1227.0,3,1.0,31,yes,rural,no,house,209300
1863.0,4,3.0,16,yes,suburban,yes,villa,385800
1020.0,1,1.0,29,no,urban,no,apartment,107700
1516.0,3,3.0,37,no,rural,no,house,208200
1490.0,3,3.0,37,no,urban,yes,villa,259300
1369.0,2,2.0,5,yes,suburban,yes,house,233200
1441.0,4,3.0,32,yes,suburban,no,apartment,216500
1198.0,2,2.0,19,yes,suburban,yes,house,137200
1365.0,3,2.0,9,no,suburban,yes,apartment,235000
2371.0,4,3.0,32,no,urban,no,house,384600
1563.0,3,3.0,37,no,urban,yes,apartment,175800
2144.0,5,4.0,28,yes,downtown,no,apartment,353400
2160.0,4,3.0,40,yes,rural,no,apartment,301800
1732.0,4,4.0,11,no,urban,yes,apartment,304700
2064.0,4,3.0,18,yes,suburban,yes,house,345300
1692.0,3,2.0,24,yes,rural,no,apartment,240900
1466.0,4,2.0,15,yes,urban,yes,villa,291800
1325.0,2,1.0,3,no,suburban,no,house,192800
1117.0,3,2.0,29,no,rural,no,house,165200
1023.0,3,2.0,22,no,urban,yes,apartment,147500
2419.0,6,4.0,16,no,suburban,no,apartment,399800
1455.0,4,2.0,14,no,suburban,yes,house,272600
1480.0,3,2.0,35,yes,urban,yes,house,231600
1923.0,4,3.0,32,no,urban,no,house,314300
500.0,1,1.0,38,yes,suburban,no,apartment,99000
1626.0,3,1.0,34,no,suburban,yes,apartment,213900
1583.0,2,1.0,13,yes,rural,yes,house,250800
1503.0,2,3.0,17,no,suburban,no,house,216000
1161.0,3,2.0,21,yes,urban,no,villa,217200
1247.0,2,2.0,21,no,suburban,yes,apartment,219700
1995.0,4,3.0,39,yes,rural,no,apartment,248300
2164.0,5,4.0,24,yes,suburban,no,apartment,347300
1796.0,4,3.0,22,yes,urban,yes,apartment,301500
1543.0,3,2.0,21,yes,urban,no,villa,322800
1504.0,2,1.0,13,yes,downtown,yes,villa,317600
1343.0,5,4.0,15,yes,suburban,yes,house,312100
884.0,2,1.0,30,yes,rural,yes,apartment,107200
1606.0,3,2.0,23,yes,downtown,yes,apartment,293600
,3,2.0,25,yes,suburban,yes,house,218500
562.0,1,1.0,25,no,suburban,yes,apartment,80200
1381.0,3,2.0,21,yes,rural,yes,apartment,237300
1215.0,3,2.0,17,no,downtown,no,apartment,202500
1293.0,3,3.0,5,no,urban,yes,house,280100
1296.0,1,2.0,9,yes,suburban,no,house,153600
,2,2.0,16,yes,downtown,no,apartment,195800
1156.0,2,2.0,6,no,suburban,yes,apartment,237000
1122.0,1,1.0,10,yes,downtown,no,apartment,156400
613.0,1,1.0,27,yes,rural,yes,apartment,51100
1610.0,3,2.0,2,yes,urban,yes,house,294700
1853.0,4,3.0,11,yes,urban,no,apartment,318200
1331.0,2,2.0,13,no,suburban,no,apartment,212400
1321.0,1,1.0,13,yes,rural,no,apartment,150400
1385.0,3,2.0,4,no,rural,no,apartment,280500
1535.0,3,2.0,1,no,urban,no,house,242800
847.0,2,1.0,32,yes,,yes,apartment,221800
1393.0,2,1.0,1,yes,urban,no,house,266700
1185.0,2,2.0,14,no,rural,yes,apartment,168900
894.0,3,3.0,40,yes,suburban,no,house,164000
1320.0,2,1.0,16,no,suburban,no,house,283700
954.0,2,1.0,13,yes,urban,no,apartment,159400
1219.0,2,1.0,19,no,suburban,yes,apartment,188000
1815.0,4,2.0,12,yes,suburban,yes,apartment,297300
2274.0,4,3.0,10,yes,suburban,yes,house,422700
1172.0,3,2.0,27,no,downtown,yes,house,201800
800.0,2,1.0,3,yes,urban,no,house,189200
2012.0,4,3.0,23,yes,urban,yes,house,311000
903.0,2,2.0,34,yes,downtown,yes,house,227500
1592.0,3,3.0,39,no,urban,no,apartment,224000
1460.0,3,2.0,11,no,rural,no,house,229700
1526.0,1,1.0,22,no,downtown,no,house,235600
1283.0,1,1.0,2,yes,suburban,yes,house,224700
774.0,3,2.0,31,yes,rural,yes,apartment,123300
1782.0,4,2.0,29,no,rural,yes,apartment,277800
1319.0,2,1.0,40,yes,urban,yes,villa,212300
943.0,4,2.0,21,no,urban,yes,apartment,218300
1513.0,2,2.0,28,yes,urban,no,house,260300
1052.0,2,1.0,20,yes,rural,no,house,144900
2557.0,5,4.0,32,yes,suburban,no,house,362300
,4,2.0,27,yes,suburban,yes,house,301000
979.0,2,1.0,29,yes,rural,no,apartment,67000
1358.0,3,3.0,13,yes,downtown,yes,apartment,246100
1102.0,3,2.0,7,no,suburban,yes,apartment,230700
974.0,2,2.0,0,no,rural,no,apartment,182400
986.0,1,1.0,7,yes,urban,yes,villa,199000
1278.0,3,2.0,2,yes,urban,yes,apartment,268800
1574.0,2,1.0,19,no,suburban,yes,villa,292600
1413.0,3,3.0,32,no,downtown,no,apartment,228500
1255.0,3,2.0,11,yes,rural,no,apartment,264400
1608.0,4,3.0,35,yes,suburban,no,house,256700
1941.0,4,3.0,2,yes,downtown,no,house,353100
1176.0,2,1.0,24,no,suburban,no,house,153700
2115.0,4,3.0,15,yes,downtown,yes,apartment,365800
2174.0,4,3.0,7,no,downtown,no,house,384300
958.0,2,1.0,17,no,suburban,yes,apartment,196000
1496.0,3,2.0,14,yes,suburban,no,house,263300
1338.0,3,2.0,38,yes,suburban,yes,apartment,162000
1700.0,3,2.0,23,yes,rural,no,apartment,221300
2230.0,5,5.0,10,yes,suburban,no,house,359700
1913.0,5,4.0,31,yes,,no,apartment,288100
1068.0,2,2.0,14,yes,urban,yes,apartment,238600
1736.0,4,3.0,36,no,suburban,yes,house,291400
1524.0,3,1.0,16,yes,urban,yes,apartment,306700
2392.0,5,4.0,2,yes,urban,no,apartment,462200
1510.0,4,3.0,16,yes,downtown,no,apartment,263400
1283.0,3,2.0,10,yes,urban,yes,house,225000
1541.0,3,2.0,4,no,rural,yes,apartment,220700
1438.0,2,1.0,17,yes,downtown,yes,apartment,271900
880.0,1,1.0,26,yes,suburban,no,house,114200
1171.0,1,1.0,23,yes,downtown,yes,apartment,193800
1057.0,2,1.0,12,no,suburban,no,apartment,138700
929.0,1,1.0,4,yes,rural,no,apartment,140500
871.0,2,1.0,0,yes,urban,yes,apartment,134200
1541.0,4,3.0,0,yes,rural,no,apartment,297100
1495.0,3,2.0,5,yes,urban,yes,house,293500
2124.0,4,3.0,40,yes,urban,yes,apartment,341800
993.0,2,1.0,17,yes,suburban,yes,house,172000
1156.0,2,1.0,35,yes,suburban,no,apartment,147600
1204.0,2,2.0,24,yes,rural,no,villa,246400
2270.0,5,3.0,25,yes,suburban,no,apartment,347500
1340.0,3,2.0,17,no,rural,no,apartment,232200
2137.0,3,2.0,8,yes,suburban,no,house,355800
500.0,1,1.0,18,yes,suburban,yes,apartment,99900
995.0,1,1.0,33,no,suburban,no,apartment,78900
2568.0,4,3.0,8,yes,suburban,yes,apartment,363600
1162.0,2,1.0,33,yes,downtown,yes,apartment,197300
1918.0,4,4.0,9,no,suburban,no,apartment,295200
1029.0,2,2.0,11,no,suburban,no,apartment,188900
768.0,1,1.0,34,no,suburban,no,house,89300
1690.0,3,2.0,10,no,suburban,no,apartment,232200
1549.0,4,3.0,30,yes,suburban,yes,apartment,278200
1516.0,3,2.0,0,yes,suburban,yes,apartment,278400
2547.0,5,3.0,40,no,downtown,no,apartment,363100
1086.0,2,2.0,27,no,urban,no,villa,202300
1400.0,3,2.0,26,no,rural,no,house,228500
2063.0,5,3.0,18,yes,urban,yes,house,382800
2124.0,5,3.0,7,no,suburban,yes,villa,385400
1141.0,2,1.0,12,yes,downtown,no,apartment,222000
1787.0,3,2.0,8,yes,urban,yes,house,317900
1566.0,4,3.0,16,no,rural,no,villa,310700
878.0,2,1.0,27,no,suburban,yes,apartment,143100
1901.0,5,3.0,12,no,rural,no,apartment,331600
1347.0,2,2.0,2,yes,urban,yes,house,264500
1307.0,2,2.0,10,yes,urban,yes,apartment,171700
1329.0,1,1.0,34,yes,downtown,no,house,240200
,3,2.0,17,yes,suburban,yes,apartment,293400
538.0,1,1.0,25,no,suburban,no,apartment,117100
1551.0,4,3.0,5,no,urban,no,apartment,315100
1138.0,2,1.0,20,no,urban,yes,apartment,80200
774.0,1,1.0,35,yes,urban,yes,house,120000
1168.0,2,1.0,4,no,downtown,yes,apartment,190400
1350.0,2,1.0,40,yes,urban,no,apartment,155900
1435.0,3,2.0,31,no,urban,no,villa,296600
905.0,2,1.0,23,no,urban,no,apartment,154700
1540.0,4,2.0,4,no,downtown,yes,apartment,296900
1309.0,3,2.0,30,yes,suburban,yes,house,212900
,1,1.0,3,yes,urban,no,apartment,170300
1406.0,2,2.0,21,yes,rural,no,apartment,212400
1568.0,3,2.0,12,yes,rural,yes,villa,236900
907.0,3,2.0,12,yes,downtown,no,villa,264200
2107.0,4,2.0,4,yes,suburban,yes,apartment,358000
2291.0,5,4.0,9,yes,downtown,yes,villa,456300
500.0,1,1.0,40,yes,urban,no,house,50000
1389.0,2,2.0,40,yes,urban,no,house,240300
838.0,4,2.0,22,yes,rural,no,apartment,107700
707.0,1,,39,yes,urban,no,apartment,129900
1876.0,3,2.0,23,yes,rural,yes,house,259200
1312.0,2,1.0,21,no,rural,no,house,213500
1239.0,2,2.0,8,yes,suburban,yes,house,172100
1684.0,3,2.0,34,yes,urban,yes,apartment,248600
1277.0,4,3.0,19,yes,rural,no,apartment,234500
685.0,1,1.0,14,yes,downtown,yes,house,146800
1206.0,2,2.0,3,yes,urban,yes,apartment,271300
2068.0,4,3.0,34,no,suburban,yes,apartment,301500
1432.0,3,3.0,32,yes,downtown,no,house,225700
1780.0,4,4.0,30,yes,suburban,yes,house,290700
1348.0,3,2.0,3,yes,suburban,yes,house,268000
620.0,1,1.0,21,no,suburban,no,apartment,70900
740.0,1,1.0,5,no,suburban,yes,apartment,127900
1737.0,4,3.0,37,no,downtown,yes,apartment,238900
1686.0,3,3.0,9,yes,urban,no,apartment,256900
2366.0,6,3.0,31,yes,urban,no,house,369800
1971.0,5,4.0,29,yes,urban,no,villa,328200
1400.0,2,2.0,9,yes,urban,no,house,246500
2035.0,4,3.0,36,no,suburban,yes,apartment,249100
500.0,3,1.0,9,no,urban,no,apartment,131600
1053.0,2,2.0,26,yes,suburban,no,apartment,167300
,2,2.0,40,yes,urban,no,house,144300
500.0,1,1.0,34,yes,urban,yes,house,100300
1469.0,3,3.0,40,yes,suburban,no,villa,231900
874.0,1,1.0,13,no,urban,no,apartment,160200
1391.0,2,1.0,38,yes,suburban,yes,house,216000
1877.0,4,3.0,39,yes,urban,no,villa,330600
952.0,2,2.0,15,yes,rural,yes,house,219600
1191.0,3,2.0,16,yes,suburban,yes,apartment,270900
1789.0,3,2.0,36,yes,downtown,yes,apartment,242900
817.0,3,3.0,24,yes,urban,yes,apartment,223500
2086.0,4,3.0,22,yes,suburban,yes,apartment,342800
1421.0,3,2.0,29,yes,rural,yes,apartment,243800
608.0,1,1.0,23,yes,rural,yes,villa,123400
1280.0,3,2.0,18,no,urban,no,apartment,245600
2037.0,4,3.0,14,yes,downtown,no,house,370800
937.0,2,1.0,39,no,suburban,no,apartment,90800
1875.0,3,2.0,5,yes,suburban,yes,house,290200
1100.0,2,,21,no,suburban,yes,house,217600
942.0,2,2.0,21,yes,urban,no,apartment,99400
1490.0,3,1.0,34,yes,suburban,no,house,273100
2002.0,4,3.0,3,yes,downtown,no,house,356300
977.0,2,2.0,35,no,suburban,no,house,96500
595.0,1,1.0,18,yes,suburban,yes,house,196600
1672.0,3,2.0,9,yes,suburban,yes,apartment,288900
1792.0,4,3.0,15,yes,suburban,yes,villa,347600
1609.0,3,3.0,5,no,urban,no,apartment,298700
1822.0,3,2.0,5,yes,suburban,no,villa,380000
1378.0,2,2.0,25,yes,rural,no,house,227200
1110.0,3,2.0,34,yes,suburban,no,house,196500
1267.0,3,3.0,4,yes,urban,no,apartment,237800
2217.0,5,4.0,10,no,suburban,no,house,408700
1319.0,3,2.0,35,no,suburban,no,apartment,185500
1537.0,4,3.0,19,yes,downtown,yes,house,257000
1731.0,5,4.0,39,no,downtown,yes,apartment,265500
1953.0,5,4.0,10,no,urban,yes,house,357300
1014.0,2,1.0,7,yes,urban,no,apartment,206900
1267.0,1,1.0,33,yes,rural,yes,apartment,182900
1040.0,2,2.0,20,yes,urban,yes,apartment,194900
2231.0,4,2.0,19,no,suburban,yes,apartment,290100
1399.0,2,1.0,13,no,urban,no,house,161600
1204.0,3,2.0,24,yes,rural,no,house,240000
2010.0,4,2.0,23,yes,downtown,no,apartment,286300
1301.0,2,2.0,12,yes,rural,yes,apartment,207400
1642.0,4,3.0,10,yes,suburban,yes,apartment,291300
2267.0,4,3.0,32,no,urban,yes,apartment,277900
2084.0,4,3.0,29,yes,suburban,yes,apartment,269800
2314.0,5,3.0,16,no,suburban,no,house,371300
1106.0,2,2.0,22,yes,suburban,yes,villa,247600
1181.0,4,2.0,34,yes,urban,no,apartment,189000
1551.0,5,4.0,3,no,suburban,yes,apartment,306700
1665.0,4,2.0,3,yes,urban,yes,house,277600
759.0,1,1.0,6,yes,downtown,no,house,188000
1394.0,4,2.0,9,no,urban,no,house,259200
2224.0,5,4.0,19,yes,suburban,no,apartment,368400
1515.0,2,1.0,39,no,rural,no,apartment,156500
1104.0,3,2.0,10,yes,suburban,yes,apartment,241400
1258.0,2,2.0,32,no,downtown,yes,house,222600
769.0,2,1.0,17,yes,urban,no,apartment,119000
2025.0,4,3.0,20,yes,rural,no,apartment,294800
1844.0,4,3.0,10,no,suburban,no,house,294800
572.0,1,2.0,25,yes,downtown,no,villa,309036
1819.0,3,1.0,32,yes,rural,yes,apartment,255900
1878.0,4,3.0,13,yes,urban,yes,villa,379600
2047.0,4,3.0,19,no,suburban,yes,apartment,370700
597.0,1,1.0,17,yes,downtown,yes,apartment,139500
2140.0,4,4.0,40,no,suburban,no,house,309900
2071.0,4,4.0,24,yes,rural,yes,apartment,327800
1487.0,3,1.0,15,yes,urban,yes,apartment,280500
1310.0,3,2.0,23,yes,downtown,no,house,214200
1015.0,2,1.0,39,no,suburban,yes,villa,159500
500.0,1,1.0,29,yes,suburban,no,villa,75500
1907.0,3,3.0,24,no,suburban,yes,villa,327000
500.0,1,1.0,28,yes,urban,no,house,100900
1388.0,3,2.0,13,yes,suburban,no,villa,260600
1802.0,4,3.0,36,yes,urban,yes,house,293200
1468.0,4,3.0,39,yes,suburban,no,house,260900
1839.0,3,2.0,33,yes,urban,no,house,274900
1399.0,2,1.0,22,yes,downtown,yes,apartment,203100
1033.0,1,1.0,8,yes,suburban,no,apartment,176600
1119.0,3,3.0,34,yes,rural,yes,villa,201700
856.0,2,1.0,13,no,urban,no,house,164000
1299.0,2,1.0,34,no,suburban,no,apartment,134600
989.0,3,2.0,34,yes,urban,no,apartment,189800
1965.0,3,2.0,22,no,rural,no,house,298300
833.0,3,2.0,38,no,suburban,no,apartment,124400
1371.0,3,2.0,26,no,suburban,yes,house,208800
1641.0,3,1.0,40,yes,rural,no,house,242000
1579.0,3,3.0,26,yes,urban,yes,house,261600
1960.0,5,3.0,25,no,urban,yes,house,275900
668.0,1,1.0,21,yes,rural,no,apartment,124300
862.0,1,1.0,18,yes,suburban,yes,house,144400
945.0,2,2.0,6,no,downtown,no,house,187400
1913.0,3,2.0,18,no,downtown,yes,house,315000
1408.0,3,1.0,22,yes,urban,no,house,242100
1267.0,2,1.0,28,yes,suburban,no,house,191400
1858.0,4,3.0,5,yes,suburban,no,apartment,295400
1624.0,3,3.0,30,yes,urban,yes,apartment,212100
645.0,1,1.0,18,yes,urban,yes,apartment,113900
1417.0,2,1.0,31,yes,urban,no,apartment,171600
,3,2.0,6,yes,downtown,yes,villa,336700
2231.0,4,3.0,23,no,suburban,no,apartment,312600
1722.0,3,2.0,31,yes,downtown,no,apartment,317000
1614.0,4,2.0,3,yes,rural,yes,apartment,301000
1582.0,3,2.0,23,yes,suburban,no,house,249400
922.0,2,2.0,15,yes,suburban,no,house,100300
653.0,1,1.0,38,yes,urban,no,apartment,69600
941.0,2,1.0,3,no,suburban,yes,house,158700
2140.0,4,3.0,5,no,urban,yes,villa,381300
1401.0,2,1.0,11,no,urban,no,apartment,197600
1364.0,3,2.0,2,yes,suburban,yes,house,227600
500.0,1,1.0,2,yes,downtown,no,apartment,153500
1270.0,3,1.0,32,no,suburban,no,house,147600
1221.0,3,2.0,37,yes,urban,no,villa,233100
828.0,2,1.0,10,yes,urban,no,house,144400
1015.0,2,2.0,20,yes,suburban,no,apartment,153000
1788.0,3,2.0,2,yes,urban,no,apartment,336500
1297.0,2,1.0,27,no,suburban,no,house,191400
730.0,2,2.0,20,yes,suburban,no,apartment,95900
1206.0,2,2.0,11,yes,urban,yes,apartment,238400
1344.0,2,1.0,1,yes,urban,no,apartment,196100
1125.0,3,2.0,19,yes,suburban,yes,house,228800
1492.0,3,2.0,17,yes,suburban,yes,house,270000
2004.0,3,2.0,5,yes,rural,yes,villa,329400
1677.0,4,3.0,15,no,downtown,no,villa,408600
500.0,1,1.0,38,no,suburban,no,house,79400
831.0,2,1.0,17,yes,downtown,no,apartment,154700
1217.0,2,2.0,32,yes,suburban,no,villa,140800
1690.0,3,2.0,34,no,urban,yes,house,202900
1966.0,4,2.0,0,no,rural,yes,house,320000
1594.0,3,3.0,3,yes,urban,yes,apartment,268500
1238.0,2,1.0,24,yes,suburban,no,apartment,208600
1960.0,3,2.0,22,no,downtown,yes,apartment,280200
2324.0,5,2.0,40,yes,urban,no,house,377700
817.0,1,2.0,28,no,urban,yes,apartment,63200
1214.0,2,1.0,22,no,suburban,no,apartment,191300
1523.0,4,3.0,39,yes,urban,no,apartment,220600
1475.0,2,1.0,4,yes,urban,yes,villa,308200
1597.0,3,3.0,3,yes,rural,yes,house,313500
1967.0,5,4.0,37,yes,urban,yes,house,313800
1459.0,5,4.0,0,no,urban,no,villa,334200
1003.0,1,1.0,33,no,rural,no,apartment,76800
1970.0,4,3.0,26,yes,suburban,yes,house,298800
1574.0,3,2.0,10,yes,downtown,no,apartment,297000
1828.0,3,2.0,33,yes,rural,yes,apartment,234400
500.0,1,1.0,4,yes,rural,no,house,146200
1104.0,2,1.0,8,yes,rural,no,apartment,180100
2663.0,5,4.0,30,no,suburban,yes,apartment,443900
752.0,2,1.0,11,yes,suburban,no,house,125400
550.0,1,1.0,31,yes,urban,no,house,162700
1447.0,3,1.0,40,yes,downtown,no,house,197000
1942.0,2,2.0,14,yes,rural,yes,villa,339900
787.0,2,2.0,28,yes,urban,yes,house,176300
1312.0,1,1.0,18,yes,downtown,yes,apartment,227000
1537.0,4,4.0,33,yes,urban,no,house,290900
1454.0,3,2.0,21,no,rural,no,apartment,176000
1816.0,3,2.0,39,no,downtown,no,house,290900
2439.0,5,3.0,4,yes,urban,no,apartment,448300
1618.0,3,2.0,1,yes,suburban,yes,apartment,265300
1425.0,3,2.0,33,yes,suburban,yes,house,240800
2297.0,5,4.0,19,yes,urban,no,house,408600
2100.0,4,2.0,38,yes,suburban,yes,house,303500
1227.0,3,2.0,4,yes,suburban,no,apartment,154400
1503.0,3,3.0,28,no,rural,yes,villa,310000
1686.0,3,3.0,24,yes,suburban,yes,house,251900
2165.0,4,2.0,31,no,urban,no,apartment,276100
1906.0,4,2.0,34,no,suburban,yes,villa,281800
1387.0,3,2.0,28,no,suburban,no,house,217300
1710.0,4,3.0,19,yes,suburban,yes,house,298800
992.0,2,1.0,15,yes,rural,no,house,145900
1317.0,4,2.0,11,no,rural,yes,apartment,200200
1928.0,4,2.0,39,yes,urban,no,apartment,258900
1365.0,3,1.0,16,yes,suburban,yes,house,204300
1677.0,4,2.0,5,no,rural,yes,apartment,236700
1995.0,5,4.0,7,yes,urban,no,apartment,302500
1170.0,2,2.0,10,yes,rural,no,villa,195100
2321.0,4,3.0,13,no,rural,no,house,371300
500.0,2,1.0,37,yes,suburban,no,apartment,56800
1034.0,3,2.0,21,no,downtown,yes,house,254100
1995.0,4,3.0,40,yes,suburban,no,house,264500
1969.0,4,3.0,2,no,suburban,no,apartment,348300
1094.0,2,2.0,39,yes,downtown,yes,villa,257700
598.0,1,1.0,22,no,downtown,yes,house,69300
1785.0,3,2.0,36,no,urban,no,apartment,219600
1591.0,3,2.0,0,yes,urban,yes,apartment,296100
1018.0,1,1.0,31,yes,urban,yes,house,232800
1558.0,3,2.0,30,no,suburban,no,apartment,244300
1865.0,3,2.0,5,yes,suburban,no,apartment,272500
850.0,1,1.0,5,no,urban,no,house,207600
711.0,2,2.0,11,yes,urban,no,apartment,122600
1617.0,4,3.0,22,yes,urban,yes,house,267900
1799.0,4,3.0,30,yes,suburban,no,apartment,273300
2737.0,4,3.0,23,no,urban,yes,apartment,378200
1234.0,4,2.0,0,yes,rural,no,apartment,224300
2213.0,3,2.0,37,yes,suburban,no,house,286900
1656.0,2,1.0,39,no,rural,no,house,197200
1652.0,5,4.0,17,no,suburban,yes,apartment,312800
1760.0,3,1.0,40,yes,suburban,no,house,202100
1900.0,3,2.0,36,no,suburban,yes,apartment,230900
1245.0,2,1.0,5,yes,suburban,no,house,202500
1527.0,1,1.0,17,yes,suburban,yes,apartment,222200
1514.0,2,1.0,8,no,urban,no,house,266100
611.0,1,1.0,33,no,downtown,no,house,110700
2259.0,4,3.0,40,yes,downtown,no,house,319100
1613.0,3,3.0,24,yes,urban,no,apartment,249700
853.0,2,1.0,22,yes,downtown,yes,apartment,114800
1698.0,4,2.0,39,no,suburban,yes,apartment,241500
687.0,1,1.0,35,yes,urban,yes,house,122500
1073.0,2,2.0,26,yes,downtown,no,house,230200
1399.0,3,2.0,26,no,suburban,yes,apartment,209300
1924.0,4,2.0,36,,rural,yes,house,225000
1929.0,5,3.0,29,no,suburban,yes,villa,331900
1529.0,4,3.0,34,no,urban,no,villa,313800
1565.0,3,3.0,38,yes,suburban,yes,house,217700
1341.0,2,1.0,27,no,urban,yes,apartment,257200
2027.0,4,2.0,6,yes,urban,yes,apartment,308700
1647.0,1,1.0,9,no,urban,no,house,253100
1614.0,3,2.0,22,yes,downtown,yes,apartment,206300
1412.0,3,2.0,9,yes,rural,yes,apartment,190000
1316.0,3,2.0,29,yes,rural,yes,apartment,171000
1910.0,3,1.0,7,yes,suburban,no,apartment,285500
1634.0,3,2.0,37,yes,rural,yes,apartment,162900
1368.0,2,1.0,13,yes,rural,yes,house,164700
750.0,2,1.0,5,no,rural,yes,apartment,177200
1651.0,5,3.0,33,yes,urban,no,house,245900
1903.0,3,3.0,14,yes,suburban,no,apartment,279400
881.0,1,1.0,2,yes,suburban,yes,house,150000
500.0,1,1.0,4,yes,downtown,yes,apartment,158700
1610.0,3,3.0,19,yes,downtown,no,apartment,286400
1428.0,3,2.0,25,yes,urban,no,house,295700
1498.0,3,2.0,30,yes,suburban,no,house,225600
1717.0,5,4.0,15,no,suburban,yes,apartment,275300
2096.0,4,2.0,14,no,suburban,yes,apartment,320500
968.0,1,1.0,37,yes,suburban,no,house,115400
1147.0,2,2.0,34,no,urban,yes,house,117900
726.0,1,1.0,11,yes,suburban,no,apartment,170300
1644.0,3,3.0,28,yes,urban,no,house,316000
1339.0,2,1.0,18,yes,urban,yes,apartment,192500
1162.0,2,2.0,38,no,downtown,yes,house,240000
1490.0,3,2.0,1,no,,no,apartment,217900
500.0,2,1.0,4,no,downtown,yes,house,166700
1615.0,2,1.0,38,no,suburban,yes,house,187700
1686.0,4,2.0,2,yes,urban,no,house,297900
1989.0,3,1.0,25,yes,rural,no,house,236500
2263.0,4,3.0,39,no,urban,no,apartment,300400
1767.0,5,4.0,17,yes,suburban,no,apartment,300000
1092.0,3,2.0,15,no,suburban,yes,apartment,188800
1198.0,2,1.0,20,no,suburban,yes,house,134800
2112.0,4,2.0,2,no,suburban,yes,apartment,382100
500.0,1,1.0,13,yes,suburban,no,apartment,67300
1735.0,5,3.0,27,yes,urban,yes,apartment,309500
1521.0,3,2.0,32,no,suburban,yes,apartment,242300
1389.0,3,2.0,2,no,suburban,yes,apartment,240200
647.0,1,2.0,37,no,urban,yes,apartment,108600
500.0,1,1.0,8,yes,suburban,yes,apartment,126500
2186.0,4,4.0,31,yes,downtown,no,house,356400
2553.0,5,4.0,1,yes,rural,no,apartment,405600
1673.0,3,1.0,12,no,downtown,no,apartment,328600
1848.0,3,2.0,3,yes,,no,apartment,300500
935.0,3,2.0,9,yes,suburban,no,apartment,220900
1209.0,2,1.0,23,yes,urban,yes,house,181500
1477.0,3,1.0,10,yes,urban,no,apartment,263100
1442.0,4,3.0,36,no,urban,yes,apartment,251000
1176.0,2,2.0,20,no,rural,no,apartment,171500
933.0,2,1.0,37,yes,urban,no,apartment,111100
895.0,2,1.0,32,no,suburban,no,house,87100
1984.0,3,3.0,7,no,downtown,no,apartment,257100
1834.0,4,3.0,5,yes,suburban,no,house,311100
1921.0,4,3.0,30,yes,rural,no,apartment,288800
1927.0,5,3.0,22,no,downtown,no,apartment,268300
2103.0,5,4.0,7,yes,downtown,no,villa,386300
1128.0,2,2.0,10,no,urban,no,villa,262300
1974.0,5,3.0,38,yes,rural,yes,house,273800
1090.0,2,2.0,32,yes,suburban,no,apartment,149500
1482.0,4,3.0,37,no,urban,no,apartment,236800
2064.0,5,3.0,11,yes,urban,no,house,355000
1763.0,3,2.0,15,yes,rural,no,house,263200
,3,2.0,33,no,suburban,yes,house,153000
2000.0,5,,16,yes,urban,no,villa,364600
1847.0,3,2.0,22,yes,rural,no,house,277000
854.0,2,1.0,31,no,suburban,yes,apartment,98300
1372.0,3,2.0,9,no,urban,yes,villa,338800
500.0,1,1.0,14,yes,suburban,yes,house,50000
751.0,2,1.0,4,yes,urban,no,house,159800
1283.0,3,2.0,27,no,rural,no,house,206700
996.0,2,1.0,20,yes,downtown,no,house,205100
1963.0,3,2.0,26,yes,urban,yes,house,256400
1988.0,3,2.0,19,yes,urban,yes,apartment,298800
1167.0,2,1.0,23,no,downtown,yes,apartment,165400
1435.0,3,2.0,6,yes,urban,no,apartment,209000
2209.0,4,3.0,26,yes,rural,yes,house,351000
2177.0,5,3.0,1,no,rural,no,apartment,352900
1420.0,3,2.0,14,yes,urban,yes,apartment,251100
1812.0,5,3.0,12,yes,rural,yes,house,356800
1587.0,3,2.0,3,yes,rural,no,house,280300
2476.0,5,4.0,22,yes,rural,no,house,366900
2224.0,5,3.0,37,yes,rural,yes,apartment,282700
1466.0,3,,35,no,urban,no,house,230700
1671.0,3,3.0,4,no,suburban,no,house,322000
1501.0,3,3.0,21,no,downtown,yes,apartment,242700
1519.0,2,2.0,12,yes,urban,no,villa,362300
1076.0,2,2.0,6,yes,rural,yes,house,192400
900.0,2,2.0,30,yes,rural,no,apartment,84500
1268.0,1,1.0,28,yes,urban,no,apartment,174100
1722.0,4,3.0,15,yes,downtown,no,apartment,277900
753.0,1,1.0,12,no,urban,no,apartment,105100
985.0,3,2.0,35,yes,urban,yes,house,191600
1290.0,3,3.0,24,yes,urban,yes,apartment,258300
769.0,1,1.0,10,no,urban,yes,apartment,101800
2018.0,4,4.0,40,yes,urban,no,house,276000
1773.0,2,1.0,20,no,urban,yes,house,244100
1822.0,3,2.0,40,yes,urban,no,house,285200
1055.0,2,1.0,21,no,urban,no,house,188500
913.0,1,1.0,39,yes,downtown,no,apartment,92800
1109.0,2,1.0,22,yes,downtown,yes,apartment,169900
1627.0,3,1.0,29,yes,suburban,no,apartment,231900
1047.0,2,1.0,33,yes,urban,no,house,139500
1837.0,4,3.0,36,yes,downtown,no,apartment,269500
1561.0,4,2.0,22,yes,rural,yes,apartment,206100
1868.0,3,3.0,36,yes,suburban,yes,villa,343000
1379.0,3,2.0,18,yes,rural,no,villa,307800
1838.0,5,3.0,36,no,urban,no,apartment,279500
1879.0,3,2.0,3,no,rural,no,apartment,306800
2064.0,5,4.0,12,yes,downtown,no,house,416200
930.0,1,1.0,7,yes,suburban,no,apartment,170300
711.0,1,1.0,34,yes,suburban,yes,house,112500
1049.0,2,1.0,25,no,suburban,yes,house,177400
2081.0,4,3.0,14,yes,downtown,no,house,345200
1339.0,3,3.0,6,no,,no,house,305700
2013.0,4,3.0,16,yes,suburban,yes,house,359700
1595.0,2,2.0,25,no,suburban,no,house,246400
1865.0,3,2.0,0,no,rural,yes,house,326100
2045.0,4,3.0,34,no,rural,no,house,295000
1110.0,2,1.0,10,no,suburban,yes,house,408516
1342.0,3,2.0,17,yes,suburban,yes,apartment,228800
1802.0,3,2.0,14,yes,suburban,yes,house,317700
1767.0,3,2.0,22,no,urban,yes,house,317100
851.0,1,1.0,28,no,rural,no,house,66100
1937.0,4,3.0,10,yes,suburban,no,apartment,306900
583.0,1,1.0,7,yes,suburban,no,house,162000
1407.0,2,2.0,7,yes,suburban,no,house,228100
1386.0,3,2.0,8,yes,suburban,no,house,246100
1941.0,3,2.0,31,yes,rural,yes,apartment,263100
1919.0,4,2.0,12,yes,rural,yes,apartment,307700
1588.0,3,,39,yes,suburban,yes,house,200200
2077.0,5,2.0,11,yes,urban,no,apartment,418800
1581.0,4,4.0,21,no,,yes,apartment,294400
828.0,2,1.0,5,no,downtown,yes,house,192800
1103.0,2,2.0,0,yes,urban,yes,apartment,276100
1926.0,4,3.0,16,yes,rural,yes,apartment,323800
1726.0,4,3.0,7,yes,downtown,no,apartment,311400
1718.0,4,2.0,4,no,downtown,no,house,351700
1955.0,4,3.0,30,no,rural,yes,house,258800
1603.0,3,2.0,18,no,rural,no,house,250800
792.0,3,2.0,6,no,urban,yes,apartment,191100
1990.0,4,3.0,27,yes,suburban,no,villa,289600
2517.0,5,3.0,20,yes,downtown,yes,house,384000
2064.0,4,3.0,1,yes,urban,no,apartment,317100
1038.0,2,2.0,17,no,urban,no,apartment,203400
1086.0,2,1.0,8,no,rural,no,apartment,165800
780.0,2,1.0,37,no,urban,no,house,147600
1731.0,3,2.0,0,yes,suburban,yes,house,337000
1595.0,3,3.0,8,yes,suburban,no,apartment,320800
1025.0,2,1.0,18,yes,urban,no,apartment,186600
1727.0,3,2.0,10,yes,urban,yes,villa,368300
1168.0,3,2.0,26,yes,downtown,no,apartment,218100
1627.0,4,2.0,8,no,urban,yes,house,357000
1885.0,4,3.0,2,yes,suburban,no,apartment,283500
777.0,2,1.0,34,yes,suburban,no,apartment,103700
2745.0,5,3.0,30,yes,rural,yes,house,416000
709.0,2,2.0,27,yes,downtown,yes,apartment,150400
1295.0,2,1.0,18,yes,urban,no,apartment,195200
1919.0,4,3.0,1,yes,urban,no,house,407000
983.0,2,1.0,29,yes,suburban,no,house,114100
1083.0,2,2.0,12,yes,downtown,no,house,234800
1948.0,4,4.0,22,yes,downtown,no,apartment,292600
1626.0,4,3.0,9,no,suburban,no,apartment,305600
1099.0,2,1.0,36,yes,suburban,no,apartment,168600
1139.0,2,1.0,27,yes,rural,yes,apartment,179900
2081.0,3,2.0,25,yes,suburban,yes,apartment,335900
2437.0,4,2.0,20,no,urban,yes,house,366400
2227.0,3,2.0,12,yes,downtown,no,house,329500
596.0,1,1.0,7,yes,suburban,yes,apartment,164700
1217.0,3,2.0,7,yes,rural,no,apartment,201400
500.0,1,1.0,24,no,urban,no,apartment,50000
991.0,3,2.0,12,no,urban,no,house,156700
1277.0,2,2.0,40,yes,urban,no,apartment,97900
1771.0,4,1.0,30,no,downtown,no,apartment,245400
2253.0,3,2.0,18,yes,suburban,no,apartment,356100
918.0,3,2.0,2,yes,rural,no,apartment,215900
1083.0,2,1.0,17,yes,urban,no,apartment,147000
1385.0,3,2.0,33,yes,downtown,no,apartment,242900
2186.0,5,3.0,35,no,urban,no,apartment,288800
780.0,2,1.0,21,yes,urban,no,apartment,76400
998.0,2,1.0,11,yes,urban,yes,house,179900
1587.0,3,3.0,32,no,rural,yes,house,198000
2525.0,5,4.0,26,yes,suburban,yes,house,449500
996.0,1,1.0,14,yes,suburban,yes,villa,159400
1848.0,4,3.0,15,yes,urban,no,apartment,304800
1056.0,2,2.0,32,yes,rural,no,house,174000
1948.0,4,3.0,22,no,downtown,no,apartment,336300
1111.0,2,1.0,10,yes,downtown,yes,house,224900
1427.0,2,1.0,7,no,suburban,yes,apartment,192200
1216.0,2,1.0,30,yes,rural,no,apartment,167900
1834.0,4,3.0,35,yes,urban,no,house,320600
1381.0,2,1.0,13,yes,downtown,no,apartment,208600
2180.0,4,2.0,11,yes,rural,no,apartment,348300
1665.0,2,2.0,39,no,rural,no,apartment,178600
978.0,2,1.0,35,yes,rural,no,apartment,143600
1838.0,4,3.0,3,yes,rural,no,apartment,338100
699.0,1,1.0,24,yes,suburban,no,apartment,96300
1054.0,4,3.0,8,yes,downtown,no,house,191700
1383.0,1,1.0,32,yes,urban,yes,apartment,158600
500.0,1,1.0,11,no,urban,yes,apartment,116400
1670.0,4,3.0,7,yes,suburban,no,apartment,294300
977.0,2,1.0,8,yes,urban,no,villa,237500
1362.0,4,3.0,34,no,rural,yes,apartment,211700
824.0,1,1.0,12,yes,suburban,no,villa,120700
2109.0,5,3.0,15,yes,urban,no,house,376300
1014.0,2,2.0,18,yes,downtown,no,house,228600
864.0,2,1.0,11,no,urban,yes,apartment,182200
1922.0,3,2.0,39,yes,downtown,no,villa,352200
1106.0,2,1.0,19,no,rural,no,house,172500
693.0,2,2.0,25,yes,suburban,no,villa,192400
1253.0,3,2.0,0,no,urban,no,house,223200
1949.0,4,4.0,27,no,rural,no,house,295500
1325.0,2,2.0,3,yes,suburban,no,apartment,264800
1092.0,2,2.0,3,yes,rural,no,apartment,160200
1265.0,3,2.0,15,yes,rural,yes,house,296700
1121.0,3,2.0,34,yes,suburban,yes,house,170200
762.0,2,1.0,4,yes,suburban,yes,apartment,154000
2187.0,5,4.0,3,no,rural,no,apartment,366300
1303.0,4,3.0,30,yes,suburban,yes,apartment,232400
1906.0,3,3.0,8,no,suburban,no,apartment,298700
1821.0,3,2.0,27,yes,rural,no,apartment,228000
919.0,2,2.0,10,yes,rural,no,house,186500
1449.0,2,1.0,8,yes,urban,no,house,188300
1301.0,2,2.0,39,yes,urban,yes,house,210500
1213.0,3,2.0,8,yes,urban,yes,apartment,232100
1548.0,4,3.0,31,no,suburban,yes,house,305300
975.0,1,1.0,5,yes,urban,no,house,172200
500.0,1,1.0,25,no,rural,no,villa,86200
1836.0,3,2.0,20,yes,suburban,yes,house,301100
1291.0,2,1.0,3,no,rural,yes,house,186100
1190.0,3,2.0,39,no,rural,no,villa,190200
835.0,2,,35,yes,suburban,no,apartment,139600
1124.0,1,1.0,20,yes,suburban,no,apartment,168500
2016.0,5,3.0,12,yes,rural,yes,villa,425100
870.0,1,1.0,33,no,suburban,yes,apartment,65400
1916.0,3,2.0,26,no,downtown,yes,house,261600
1793.0,3,2.0,28,yes,urban,yes,apartment,288000
2645.0,4,3.0,17,no,urban,no,apartment,402900
1460.0,3,1.0,4,no,suburban,yes,apartment,224900
1665.0,4,3.0,30,yes,suburban,no,house,281500
500.0,2,1.0,20,yes,suburban,yes,house,136400
1619.0,4,3.0,25,no,suburban,no,apartment,236500
1897.0,3,2.0,32,no,urban,no,house,308200
2041.0,4,3.0,39,yes,rural,no,apartment,284100
2132.0,5,4.0,26,yes,rural,no,house,323800
1499.0,4,3.0,37,no,downtown,yes,apartment,261100
1741.0,2,2.0,23,no,urban,yes,apartment,261400
813.0,1,1.0,25,yes,urban,no,house,178500
884.0,2,1.0,38,yes,urban,no,villa,298327
1728.0,4,3.0,12,yes,suburban,no,house,336900
1513.0,4,4.0,37,no,suburban,yes,house,228400
1673.0,4,2.0,4,yes,suburban,yes,house,284400
1752.0,3,2.0,23,no,urban,no,house,262100
1140.0,2,2.0,30,yes,suburban,no,apartment,210100
500.0,1,1.0,11,yes,urban,no,house,142400
1903.0,3,3.0,14,yes,suburban,no,house,278400
902.0,1,1.0,30,no,suburban,no,apartment,143100
1582.0,3,2.0,3,yes,downtown,no,villa,349500
1861.0,5,3.0,37,yes,suburban,yes,villa,306000
970.0,2,1.0,13,yes,rural,yes,apartment,171600
1049.0,2,1.0,18,no,downtown,yes,apartment,183100
1491.0,3,1.0,29,yes,urban,no,apartment,220100
1311.0,3,2.0,15,no,downtown,yes,house,207800
2554.0,5,,5,yes,urban,no,apartment,394800
2194.0,4,4.0,28,no,urban,no,house,335700
892.0,2,2.0,28,yes,urban,yes,apartment,146100
2139.0,3,1.0,36,no,urban,yes,house,290500
1416.0,3,2.0,28,yes,suburban,no,house,225700
1737.0,3,2.0,19,yes,urban,yes,house,275800
1261.0,3,2.0,1,yes,downtown,no,house,242400
1842.0,3,3.0,14,no,suburban,no,house,296900
2941.0,5,3.0,7,no,suburban,yes,apartment,478000
1292.0,2,1.0,14,no,rural,no,house,187100
500.0,1,1.0,17,no,rural,yes,apartment,112100
1619.0,3,2.0,26,yes,urban,yes,house,225500
1138.0,2,2.0,18,no,urban,yes,apartment,193500
1723.0,3,2.0,12,yes,urban,no,house,302300
1653.0,4,3.0,26,no,urban,yes,apartment,263500
1337.0,2,1.0,34,yes,urban,yes,apartment,140100
,3,2.0,13,yes,urban,yes,apartment,213400
2557.0,5,4.0,13,yes,urban,no,villa,515800
1486.0,1,1.0,27,yes,rural,yes,house,166200
798.0,2,2.0,29,yes,downtown,yes,apartment,95400
1702.0,4,2.0,24,no,downtown,no,apartment,271600
1237.0,3,2.0,37,no,suburban,no,apartment,71300
1402.0,2,2.0,15,yes,,no,house,232500
971.0,3,3.0,30,no,suburban,yes,apartment,202100
2112.0,4,3.0,1,no,suburban,no,apartment,399400
1720.0,4,3.0,0,no,rural,no,house,299100
899.0,2,1.0,12,no,rural,yes,house,90800
582.0,1,1.0,31,no,urban,yes,apartment,52000
1628.0,2,1.0,40,no,suburban,yes,house,243000
1238.0,3,2.0,4,yes,suburban,no,apartment,191600
1446.0,3,3.0,35,yes,urban,yes,apartment,239200
1321.0,3,2.0,31,no,urban,yes,apartment,154200
817.0,1,1.0,6,no,suburban,yes,apartment,99600
1781.0,5,3.0,36,yes,rural,no,apartment,255100
1324.0,2,2.0,31,yes,urban,no,apartment,167800
,3,2.0,36,yes,urban,yes,apartment,195700
1927.0,4,3.0,21,yes,urban,yes,apartment,313000
1864.0,3,1.0,6,yes,suburban,yes,apartment,351000
853.0,2,2.0,29,no,suburban,no,house,146100
2003.0,3,3.0,30,no,suburban,no,house,318900
2544.0,5,3.0,37,yes,suburban,no,house,373300
1046.0,2,2.0,27,yes,rural,no,house,168600
1801.0,4,3.0,37,yes,suburban,no,apartment,244800
2457.0,5,3.0,16,no,urban,yes,villa,466200
500.0,1,1.0,38,yes,suburban,no,house,52400
1117.0,2,2.0,18,yes,urban,yes,apartment,189200
1368.0,2,1.0,21,yes,rural,no,apartment,161900
1527.0,2,1.0,22,yes,urban,yes,house,198300
1239.0,3,2.0,7,no,urban,no,apartment,218200
1926.0,5,4.0,31,yes,rural,no,villa,375700
1214.0,2,1.0,7,no,rural,no,apartment,200600
2014.0,5,3.0,34,no,urban,yes,house,334700
500.0,2,1.0,7,yes,urban,yes,house,177900
1547.0,3,2.0,4,yes,urban,yes,apartment,338400
1495.0,3,1.0,18,yes,downtown,no,apartment,302800
2050.0,5,4.0,24,yes,rural,no,house,267900
1192.0,2,1.0,20,yes,urban,no,apartment,250700
1995.0,3,3.0,34,no,suburban,no,apartment,255500
1798.0,3,3.0,0,yes,urban,no,villa,349000
1826.0,3,2.0,35,,suburban,yes,apartment,247000
1072.0,1,1.0,10,yes,urban,no,apartment,199100
2266.0,4,3.0,19,no,suburban,no,apartment,358900
951.0,1,1.0,10,yes,rural,no,apartment,181700
3460.0,5,4.0,34,no,urban,no,apartment,465100
744.0,2,2.0,11,yes,urban,yes,apartment,151700
744.0,1,1.0,35,yes,urban,no,house,124300
1691.0,4,3.0,27,yes,rural,yes,house,252200
2011.0,3,1.0,35,yes,downtown,yes,house,324300
1959.0,3,3.0,12,no,rural,no,apartment,350000
1616.0,4,3.0,39,yes,suburban,no,apartment,191300
1347.0,3,2.0,25,no,suburban,yes,house,212100
994.0,2,2.0,27,yes,suburban,no,house,219200
2008.0,3,1.0,2,no,urban,no,house,329000
2056.0,3,2.0,15,no,rural,no,apartment,300200
1453.0,4,3.0,10,yes,suburban,yes,apartment,287900
1398.0,3,2.0,10,yes,suburban,yes,house,210100
1416.0,2,2.0,15,yes,urban,yes,apartment,271700
1557.0,3,2.0,24,yes,downtown,no,house,234600
2055.0,4,2.0,11,yes,suburban,yes,apartment,366000
1231.0,2,2.0,35,no,urban,yes,house,198600
1311.0,3,2.0,36,no,urban,no,apartment,161100
994.0,2,1.0,39,no,urban,yes,villa,65100
1994.0,4,3.0,18,yes,suburban,no,apartment,362300
1358.0,2,1.0,10,no,urban,no,apartment,185300
1544.0,3,2.0,12,no,urban,yes,apartment,249400
2615.0,6,5.0,23,yes,suburban,yes,house,463300
1601.0,3,2.0,39,no,suburban,no,house,253500
1768.0,4,2.0,14,yes,downtown,yes,house,340200
2110.0,5,4.0,30,yes,suburban,yes,apartment,351800
1409.0,3,1.0,10,no,suburban,yes,house,218400
1929.0,3,2.0,31,yes,rural,no,apartment,243400
2188.0,5,3.0,10,yes,urban,no,villa,408400
1282.0,4,3.0,10,no,suburban,no,house,233900
1603.0,5,4.0,11,yes,downtown,yes,apartment,334000
1679.0,2,1.0,7,no,rural,no,house,224600
2173.0,4,3.0,39,yes,suburban,yes,house,304700
1559.0,3,3.0,34,yes,urban,no,apartment,222500
2441.0,4,3.0,8,yes,suburban,no,apartment,356300
1698.0,4,2.0,18,yes,suburban,no,house,275400
2536.0,6,5.0,36,yes,urban,no,apartment,358800
1081.0,2,1.0,13,yes,suburban,yes,house,194700
1649.0,6,5.0,26,yes,suburban,yes,apartment,342900
1082.0,2,2.0,3,yes,suburban,no,house,230700
1811.0,3,1.0,40,yes,rural,yes,apartment,207500
1407.0,3,2.0,36,yes,suburban,yes,villa,223700
2424.0,5,3.0,6,yes,urban,no,apartment,376900
1534.0,2,1.0,12,no,downtown,yes,apartment,256700
1830.0,4,2.0,29,no,rural,no,house,264300
1183.0,2,2.0,4,yes,urban,no,house,177800
1075.0,2,2.0,17,yes,urban,yes,house,258100
1464.0,3,2.0,10,no,suburban,yes,house,257800
1818.0,4,2.0,34,yes,urban,yes,apartment,198400
1657.0,3,2.0,8,yes,urban,no,apartment,232300
1218.0,2,1.0,27,yes,urban,yes,apartment,159900
1523.0,4,,14,yes,suburban,yes,house,344400
591.0,1,1.0,9,yes,downtown,no,apartment,107500
1128.0,3,2.0,31,yes,suburban,no,apartment,203500
1658.0,4,2.0,24,no,downtown,no,villa,315100
1657.0,2,1.0,39,no,urban,no,apartment,172000
1915.0,5,3.0,29,yes,suburban,yes,apartment,269500
500.0,1,1.0,1,yes,rural,no,apartment,111900
965.0,3,2.0,28,no,rural,yes,house,141200
1009.0,2,2.0,18,yes,rural,yes,apartment,193900
1168.0,2,2.0,1,yes,rural,yes,house,214600
1138.0,2,1.0,24,no,urban,no,apartment,159600
1875.0,3,2.0,20,no,downtown,no,apartment,270800
1477.0,3,2.0,35,yes,suburban,no,house,151200
1472.0,4,3.0,4,yes,rural,no,apartment,278200
1934.0,4,3.0,20,yes,urban,yes,house,321000
1637.0,3,2.0,25,yes,suburban,yes,apartment,278000
1966.0,3,2.0,33,yes,suburban,no,apartment,242500
1582.0,4,4.0,21,yes,rural,no,house,298300
,1,1.0,37,no,suburban,no,apartment,103700
1822.0,4,2.0,10,no,suburban,yes,house,367400
1117.0,2,1.0,3,yes,urban,yes,house,214800
827.0,1,1.0,17,yes,suburban,no,apartment,121400
1799.0,3,1.0,2,yes,urban,yes,house,348200
2091.0,5,4.0,9,no,suburban,no,house,351400
500.0,1,1.0,2,yes,downtown,yes,apartment,135200
2192.0,5,3.0,35,yes,rural,no,house,359900
634.0,1,1.0,35,no,suburban,yes,villa,72900
951.0,2,2.0,8,yes,downtown,no,house,228700
1456.0,3,3.0,28,yes,,yes,house,271300
1507.0,2,1.0,5,yes,rural,no,apartment,189300
1124.0,2,1.0,9,yes,rural,yes,villa,238200
1171.0,1,1.0,12,no,urban,no,house,166700
1145.0,2,1.0,9,yes,rural,no,house,176500
1320.0,3,3.0,10,yes,downtown,no,house,258400
1434.0,2,2.0,5,yes,urban,yes,apartment,248000
2076.0,4,3.0,11,yes,suburban,no,apartment,334500
1080.0,2,1.0,13,yes,rural,no,house,160300
1429.0,4,3.0,14,yes,suburban,no,apartment,247300
1319.0,3,3.0,34,yes,urban,no,apartment,167400
980.0,2,2.0,40,no,rural,yes,apartment,87100
1477.0,4,2.0,24,yes,downtown,no,house,304200
2318.0,5,4.0,40,yes,urban,yes,apartment,299000
957.0,2,2.0,36,yes,suburban,yes,apartment,131900
1781.0,3,2.0,15,yes,suburban,yes,apartment,270000
1414.0,3,2.0,4,yes,urban,yes,villa,236600
1207.0,2,2.0,18,no,suburban,no,apartment,188700
715.0,2,2.0,28,yes,rural,no,house,91100
1176.0,1,1.0,6,no,suburban,no,apartment,155400
592.0,1,1.0,25,no,rural,yes,apartment,73100
1239.0,3,2.0,15,no,urban,no,apartment,250200
2611.0,4,3.0,9,yes,urban,no,villa,428100
996.0,1,1.0,30,yes,urban,no,apartment,137600
1235.0,2,1.0,37,yes,urban,no,villa,141500
2075.0,4,4.0,26,yes,suburban,yes,apartment,280600
1772.0,4,3.0,9,yes,rural,no,apartment,225700
670.0,1,1.0,20,yes,urban,yes,apartment,108100
500.0,1,1.0,0,yes,suburban,no,apartment,115300
1006.0,2,2.0,36,no,urban,yes,apartment,137600
1553.0,3,3.0,14,yes,urban,no,apartment,221600
1873.0,3,3.0,15,yes,suburban,no,apartment,274900
2319.0,4,2.0,7,yes,suburban,no,house,348600
2420.0,5,2.0,27,yes,rural,yes,villa,434800
1545.0,3,2.0,34,yes,suburban,yes,apartment,247400
1043.0,2,1.0,17,yes,rural,no,house,193700
2312.0,5,4.0,34,,suburban,yes,apartment,309700
1372.0,3,2.0,36,no,urban,no,house,122600
1169.0,4,3.0,40,no,rural,no,apartment,192400
1662.0,3,2.0,32,yes,suburban,no,villa,208600
883.0,2,2.0,35,no,urban,yes,house,132400
1639.0,3,3.0,11,no,suburban,no,house,283700
500.0,2,2.0,40,yes,urban,yes,apartment,137400
1168.0,3,1.0,33,yes,rural,yes,house,171500
1349.0,3,3.0,19,no,suburban,no,apartment,222100
991.0,1,1.0,14,yes,suburban,no,house,178000
1233.0,2,1.0,21,yes,suburban,yes,house,208500
715.0,1,1.0,25,yes,suburban,no,apartment,100400
1523.0,3,3.0,40,no,urban,yes,house,230100
500.0,1,1.0,19,yes,rural,no,apartment,83700
1117.0,3,2.0,35,yes,urban,no,apartment,178400
1165.0,2,1.0,26,yes,downtown,yes,apartment,222200
1832.0,3,2.0,25,yes,suburban,yes,apartment,254600
500.0,1,1.0,36,no,urban,no,apartment,110300
869.0,2,1.0,28,yes,downtown,no,house,130100
965.0,1,1.0,31,yes,rural,yes,apartment,146100
1412.0,3,2.0,17,no,suburban,no,house,261200
1012.0,2,1.0,20,yes,urban,yes,apartment,190100
1338.0,2,4.0,16,yes,,no,house,284800
1722.0,2,2.0,28,yes,suburban,yes,apartment,252800
872.0,1,1.0,15,no,urban,yes,apartment,195400
1983.0,4,4.0,17,no,urban,no,house,307700
1159.0,1,1.0,26,,urban,yes,house,183900
2171.0,6,4.0,11,yes,suburban,yes,apartment,417600
990.0,2,2.0,15,yes,urban,no,apartment,135700
500.0,1,1.0,39,yes,urban,yes,house,78300
889.0,2,2.0,11,no,urban,yes,apartment,213800
1668.0,4,3.0,32,yes,suburban,yes,house,297600
1462.0,4,2.0,6,no,suburban,yes,villa,311800
2025.0,4,3.0,34,yes,rural,no,villa,370100
1698.0,3,2.0,7,,suburban,yes,apartment,236900
1894.0,5,4.0,2,no,urban,no,house,403900
1327.0,4,2.0,36,yes,urban,no,villa,213800
1911.0,4,3.0,4,yes,urban,yes,apartment,367100
500.0,1,1.0,28,yes,suburban,no,house,62400
1714.0,2,1.0,15,no,rural,no,house,260000
1096.0,3,3.0,11,no,suburban,yes,apartment,188800
2159.0,4,2.0,30,no,urban,no,apartment,287600
1379.0,3,1.0,27,no,urban,yes,apartment,196100
1563.0,4,3.0,19,no,downtown,yes,apartment,287300
500.0,1,1.0,8,yes,suburban,no,apartment,161019
1717.0,2,1.0,38,no,downtown,yes,apartment,226600
1537.0,4,3.0,39,yes,downtown,yes,apartment,215800
1047.0,2,1.0,0,yes,urban,yes,apartment,212800
509.0,1,1.0,18,yes,urban,yes,apartment,134000
842.0,2,1.0,13,yes,rural,no,house,138200
1838.0,3,2.0,6,yes,,no,house,321300
964.0,1,1.0,27,yes,rural,yes,apartment,181400
1618.0,3,2.0,13,yes,downtown,no,apartment,320300
1306.0,2,2.0,37,no,urban,yes,apartment,166500
583.0,2,1.0,18,yes,urban,yes,apartment,118800
1061.0,3,2.0,22,yes,urban,no,house,186900
1461.0,3,2.0,15,yes,suburban,yes,apartment,283800
2297.0,6,5.0,31,no,rural,yes,apartment,357800
1172.0,3,2.0,36,yes,downtown,no,apartment,236600
1298.0,2,1.0,21,no,rural,no,apartment,139500
1941.0,4,2.0,12,yes,suburban,yes,house,241700
1305.0,3,2.0,19,no,suburban,no,house,182400
1611.0,3,3.0,7,,rural,no,house,288800
1600.0,3,2.0,7,yes,rural,no,apartment,270900
2470.0,5,4.0,2,no,rural,no,apartment,359300
1748.0,4,3.0,9,yes,rural,no,apartment,307000
987.0,2,1.0,21,no,suburban,yes,house,192900
1241.0,2,2.0,4,yes,urban,yes,apartment,196100
1407.0,3,3.0,32,no,rural,yes,house,225800
2405.0,4,4.0,38,no,urban,yes,house,378400
1408.0,2,1.0,33,yes,urban,no,apartment,163100
2689.0,5,3.0,10,yes,rural,no,apartment,399400
1358.0,1,1.0,10,no,downtown,no,house,245500
1825.0,4,2.0,29,no,suburban,yes,house,347000
1241.0,1,1.0,28,yes,rural,yes,house,104100
925.0,2,2.0,25,yes,suburban,yes,house,203100
1122.0,3,2.0,24,yes,rural,no,house,139400
2207.0,4,2.0,31,yes,suburban,no,house,291200
1750.0,2,2.0,7,no,suburban,no,apartment,309200
1229.0,2,2.0,3,yes,urban,yes,villa,291600
1684.0,4,2.0,5,yes,urban,yes,apartment,312300
1022.0,1,1.0,11,yes,rural,no,house,196000
670.0,1,2.0,19,no,downtown,no,house,131500
1816.0,4,3.0,28,yes,suburban,no,apartment,238700
1670.0,2,1.0,39,no,downtown,no,apartment,201100
2119.0,4,3.0,39,yes,suburban,no,apartment,278100
1767.0,3,2.0,15,yes,rural,yes,villa,320200
2324.0,3,2.0,19,no,rural,no,apartment,275300
808.0,2,2.0,38,yes,suburban,no,house,102600
1164.0,2,1.0,14,yes,suburban,no,apartment,162500
1560.0,4,4.0,23,no,urban,no,house,299200
1778.0,4,4.0,21,yes,rural,no,house,249300
508.0,1,1.0,22,no,suburban,yes,apartment,108200
2212.0,5,4.0,30,yes,downtown,no,house,382900
1926.0,4,3.0,7,no,downtown,yes,house,364100
1344.0,3,2.0,2,yes,suburban,no,apartment,259100
1415.0,4,2.0,16,yes,suburban,no,apartment,308000
869.0,2,2.0,37,yes,urban,yes,apartment,97600
2021.0,5,3.0,12,no,suburban,no,house,395200
1415.0,3,2.0,37,yes,suburban,yes,house,222300
1069.0,2,2.0,39,yes,urban,no,house,175700
1794.0,4,3.0,23,no,urban,no,villa,327600
647.0,2,1.0,26,yes,rural,yes,house,78900
1583.0,3,2.0,19,no,downtown,no,house,265100
1541.0,3,1.0,32,no,rural,yes,house,202300
1906.0,4,3.0,38,yes,urban,yes,house,291900
1518.0,2,1.0,21,yes,urban,no,house,271900
1264.0,3,2.0,40,yes,rural,no,apartment,161600
1397.0,2,2.0,25,no,suburban,no,villa,249800
2085.0,4,3.0,30,yes,suburban,no,house,350100
1380.0,4,3.0,16,yes,downtown,yes,apartment,268800
1590.0,3,1.0,30,,suburban,no,apartment,193000
500.0,1,1.0,28,yes,downtown,no,house,310425
1521.0,3,3.0,39,yes,urban,yes,apartment,246900
1719.0,3,2.0,19,yes,suburban,no,house,271200
916.0,1,1.0,29,no,urban,no,apartment,63100
1520.0,3,3.0,9,yes,suburban,yes,house,257300
1245.0,3,3.0,28,no,downtown,no,apartment,201800
729.0,1,1.0,9,yes,suburban,yes,apartment,146000
1050.0,2,2.0,7,yes,downtown,yes,house,221800
2676.0,5,3.0,5,no,suburban,yes,apartment,468800
1016.0,2,1.0,35,no,urban,yes,apartment,160800
805.0,1,1.0,21,,urban,no,house,112500
1459.0,3,2.0,39,no,urban,no,house,205100
757.0,2,2.0,7,yes,suburban,no,apartment,189500
1768.0,3,2.0,14,no,rural,yes,house,267800
1752.0,3,2.0,35,yes,rural,yes,apartment,247300
1168.0,2,1.0,20,no,rural,yes,house,169100
1073.0,2,1.0,12,no,rural,yes,apartment,154200
1728.0,3,2.0,15,yes,suburban,no,villa,371600
1625.0,3,2.0,28,yes,rural,yes,house,285300
1415.0,3,2.0,28,yes,urban,yes,apartment,207100
1203.0,2,1.0,8,no,suburban,no,house,211600
1264.0,1,1.0,36,yes,downtown,no,house,122200
519.0,2,1.0,25,yes,suburban,no,apartment,58400
1888.0,4,2.0,19,yes,urban,no,apartment,330000
2394.0,3,2.0,20,yes,suburban,yes,house,431300
1166.0,2,1.0,24,no,urban,no,house,132400
1114.0,2,2.0,18,yes,urban,yes,villa,287200
1121.0,3,1.0,12,yes,rural,yes,apartment,159100
1814.0,5,3.0,33,yes,suburban,no,apartment,242200
2020.0,5,3.0,37,no,rural,no,house,323000
1313.0,1,1.0,31,no,downtown,yes,apartment,135700
749.0,1,1.0,29,yes,urban,yes,apartment,83700
1603.0,4,3.0,40,yes,urban,no,apartment,222900
1316.0,3,2.0,7,no,downtown,yes,apartment,236200
1268.0,2,1.0,35,yes,rural,no,apartment,163400
1459.0,2,1.0,20,no,suburban,yes,villa,203100
2082.0,5,4.0,19,no,rural,yes,apartment,379400
1531.0,4,3.0,33,no,downtown,yes,apartment,252400
1213.0,2,1.0,8,yes,urban,no,house,156100
1417.0,3,3.0,31,yes,urban,yes,house,246200
1424.0,3,2.0,36,yes,rural,no,apartment,200300
1196.0,3,2.0,35,no,suburban,yes,house,153100
1347.0,3,2.0,0,no,suburban,yes,apartment,213200
1805.0,2,1.0,39,no,rural,yes,apartment,260400
1624.0,4,3.0,9,yes,downtown,yes,house,293600
2189.0,4,3.0,22,yes,urban,no,apartment,299700
1019.0,3,1.0,32,no,urban,no,apartment,113000
876.0,2,1.0,37,no,rural,yes,apartment,96400
1266.0,1,1.0,21,no,urban,yes,house,185900
1053.0,3,2.0,11,yes,suburban,yes,house,252400
2471.0,6,4.0,8,yes,urban,no,apartment,366500
971.0,2,2.0,15,yes,urban,yes,apartment,176500
550.0,2,1.0,3,yes,rural,no,house,116000
2230.0,4,3.0,29,yes,urban,yes,house,371700
990.0,1,1.0,29,no,urban,yes,apartment,98300
2141.0,4,3.0,13,no,urban,yes,house,422200
1934.0,3,2.0,39,yes,suburban,no,house,270700
1056.0,1,1.0,24,yes,urban,no,house,195700
665.0,1,1.0,27,no,urban,yes,apartment,80800
1477.0,3,2.0,39,yes,urban,no,apartment,197200
1264.0,2,1.0,34,no,urban,no,house,143900
1318.0,3,2.0,2,yes,suburban,yes,villa,276100
1252.0,1,1.0,12,no,urban,no,villa,200900
1035.0,3,2.0,33,yes,urban,no,villa,206900
912.0,2,2.0,31,yes,suburban,yes,house,186600
1420.0,2,1.0,34,no,downtown,yes,villa,211600
2169.0,3,2.0,22,yes,rural,yes,house,301100
2037.0,3,2.0,15,no,urban,no,apartment,356000
1511.0,3,2.0,34,no,suburban,no,house,290200
1773.0,5,4.0,15,yes,suburban,yes,house,341300
1788.0,3,2.0,19,yes,urban,no,villa,314900
2006.0,4,3.0,21,yes,rural,yes,house,314200
893.0,2,3.0,26,yes,rural,yes,villa,155300
1611.0,4,2.0,17,yes,suburban,no,apartment,303100
1051.0,2,1.0,25,yes,urban,no,apartment,124000
1643.0,3,2.0,36,yes,suburban,yes,house,220000
1380.0,3,1.0,26,no,rural,yes,house,233200
1253.0,3,1.0,34,yes,downtown,no,villa,226000
646.0,1,1.0,0,no,suburban,no,apartment,95700
938.0,2,1.0,3,yes,suburban,no,house,260300
1420.0,4,2.0,11,no,downtown,no,apartment,207100
676.0,1,1.0,8,no,urban,yes,house,165200
1294.0,4,3.0,10,yes,rural,no,house,247500
2067.0,4,3.0,28,yes,suburban,yes,house,319900
1874.0,3,3.0,11,no,suburban,no,villa,329500
1290.0,3,2.0,20,no,urban,no,apartment,222600
